"Event:1000","KeyEvent","stabilization, PPAR alpha co-repressor"
"Event:1001","AdverseOutcome","Increased, Developmental Defects"
"Event:1002","MolecularInitiatingEvent","Inhibition, Deiodinase 2"
"Event:1003","KeyEvent","Decreased, Triiodothyronine (T3) in serum"
"Event:1004","KeyEvent","Reduced, Posterior swim bladder inflation"
"Event:1005","KeyEvent","Reduced, Swimming performance"
"Event:1006","KeyEvent","Reduced, Young of year survival"
"Event:1007","KeyEvent","Reduced, Anterior swim bladder inflation"
"Event:1008","KeyEvent","Reduced, Hearing"
"Event:1009","MolecularInitiatingEvent","Inhibition, Deiodinase 1"
"Event:1012","KeyEvent","Increased, Inhibitory postsynaptic potential"
"Event:1014","KeyEvent","Induction, Somatic muscle paralysis"
"Event:1015","KeyEvent","Increased, Neuronal synaptic inhibition"
"Event:1016","KeyEvent","Inhibition, Feeding"
"Event:1018","MolecularInitiatingEvent","Activation, Glutamate-gated chloride channels"
"Event:1019","KeyEvent","Induction, pharyngeal muscle paralysis"
"Event:1020","KeyEvent","Increased, induction of UDPGT's in liver"
"Event:1021","KeyEvent","Increased, T4/T3 catabolism"
"Event:1022","KeyEvent","Decreased, serum T4/T3"
"Event:1023","KeyEvent","Increased, Thyroid-stimulating hormone (TSH)"
"Event:1024","KeyEvent","Increased, Hypertrophy and proliferation (follicular cell)"
"Event:1025","KeyEvent","Increased, Hyperplasia (follicular cells)"
"Event:1026","AdverseOutcome","Increased Apoptosis, Adenomas/carcinomas (follicular cell)"
"Event:1028","KeyEvent","PPAR-gamma activation"
"Event:1028","MolecularInitiatingEvent","PPAR-gamma activation"
"Event:1029","KeyEvent","Increased, adipogenesis"
"Event:1032","KeyEvent","Increased, secretion of local growth factors"
"Event:1033","KeyEvent","Increased, proliferation of mesenchymal cells"
"Event:1034","KeyEvent","Increased, IGF-1 (mouse)"
"Event:1035","KeyEvent","Increased, Firbrosarcoma"
"Event:1036","KeyEvent","Increased, liposarcoma"
"Event:1037","KeyEvent","Increased, hemagiosarcoma"
"Event:1038","MolecularInitiatingEvent","Activation, beta-2 adrenergic receptor"
"Event:1039","KeyEvent","Increased activity, beta-2 adrenergic receptor"
"Event:103","MolecularInitiatingEvent","Increase, Ecdysone receptor agonism"
"Event:1040","KeyEvent","relaxation, smooth muscle"
"Event:1042","KeyEvent","Proliferation/Clonal Expansion, smooth muscle"
"Event:1043","KeyEvent","Hypertrophy/hyperplasia, smooth muscle"
"Event:1044","AdverseOutcome","Promotion, mesovarian leiomyomas"
"Event:1045","KeyEvent","Decreased, Ovarian E2"
"Event:1046","KeyEvent","Suppression, Estrogen receptor (ER) activity"
"Event:1047","KeyEvent","Increased, secretion of GnRH from hypothalamus"
"Event:1049","KeyEvent","Increased, secrection of FSH from anterior pituitary"
"Event:1050","KeyEvent","Increased, secretion of LH from anterior pituitary"
"Event:1051","KeyEvent","Hyperplasia, ovarian stromal cells"
"Event:1052","KeyEvent","Hyperplasia, ovarian epithelium"
"Event:1053","AdverseOutcome","Promotion, ovarian adenomas"
"Event:1054","AdverseOutcome","Promotion, ovarian granular cell tumors"
"Event:1056","KeyEvent","Decrease, E2 blood concentrations at hypothalamus"
"Event:1057","KeyEvent","Increased, PPAR-alpha activation"
"Event:1058","KeyEvent","Decreased, bile flow"
"Event:1059","KeyEvent","Increased, cholestasis"
"Event:1060","KeyEvent","Alteration, lipid metabolism"
"Event:1061","KeyEvent","prolonged, elevation of serun CCK"
"Event:1062","KeyEvent","Increased, Cellular proliferation / hyperplasia of acinar cells"
"Event:1063","AdverseOutcome","Increased, Pancreatic acinar tumors"
"Event:1064","MolecularInitiatingEvent","prepubertal increase, Estrogen receptor (ER) activity"
"Event:1065","KeyEvent","Activation, estrogen receptor alpha"
"Event:1066","KeyEvent","Promotion, SIX-1 postive basal-type progenitor cells"
"Event:1067","KeyEvent","Proliferation/Clonal Expansion, aberrant basal cells"
"Event:1068","KeyEvent","squamous metaplasia, aberrant basal cells"
"Event:1069","KeyEvent","Increased, Hyperplasia (glandular epithelial cells of endometrium)"
"Event:106","KeyEvent","Reduction, Eggshell thickness"
"Event:1070","AdverseOutcome","Increased, adenosquamous carcinomas of endometrium"
"Event:1071","KeyEvent","Decreased, GnRH pulsatility/release in hypothalamus"
"Event:1072","KeyEvent","Decreased, LH Surge from anterior pituitary"
"Event:1074","KeyEvent","interruption, Ovulation"
"Event:1075","KeyEvent","prolonged, estrus"
"Event:1076","KeyEvent","Increased, circulating estrogen levels"
"Event:1077","KeyEvent","Increased, prolactin exposure"
"Event:1078","KeyEvent","Hyperplasia, Mammary gland"
"Event:1079","AdverseOutcome","Increased, Adenomas/carcinomas (mammary)"
"Event:1080","KeyEvent","Increased, latency period"
"Event:1081","KeyEvent","Increased, lactotroph hyperplasia and hypertrophy"
"Event:1082","AdverseOutcome","Increased, adenomas (pituitary)"
"Event:1083","KeyEvent","Decreased, Dopaminergic activity"
"Event:1084","KeyEvent","Increased, prolactin secretion"
"Event:1085","KeyEvent","Increased, hyperplasia (mammary gland)"
"Event:1086","KeyEvent","persistent, cytotoxicity (pleura or peritoneum)"
"Event:1087","KeyEvent","Increased, inflammation"
"Event:1088","KeyEvent","Increased, Oxidative Stress"
"Event:1089","KeyEvent","Increased, Cell Proliferation (mesothelium)"
"Event:1090","AdverseOutcome","Increased, mesotheliomas"
"Event:1093","KeyEvent","Decreased, Thyroxine (T4) in tissues"
"Event:1096","KeyEvent","Increased, blood uric acid concentration"
"Event:1097","KeyEvent","Occurrence, renal proximal tubular necrosis"
"Event:1098","KeyEvent","Increased, blood potassium concentration"
"Event:10","KeyEvent","Accumulation, Acetylcholine in synapses"
"Event:1101","AdverseOutcome","Altered, Amphibian metamorphosis"
"Event:1102","KeyEvent","Occurrence, tophi (urate) deposition"
"Event:1103","MolecularInitiatingEvent","Inhibition, Cyclooxygenase 1 activity"
"Event:1104","KeyEvent","Decreased, Prostaglandin F2alpha concentration, plasma "
"Event:1105","KeyEvent","Occurrence, renal ischemia"
"Event:1106","KeyEvent","Occurrence, cardiac arrhythmia"
"Event:1107","KeyEvent","Weakened, Colony"
"Event:1108","KeyEvent","Abnormal, Role change within caste"
"Event:1109","KeyEvent","Increased, Deformed Wing Virus levels"
"Event:110","KeyEvent","Impairment, Endothelial network"
"Event:1110","KeyEvent","Increased, Energetic demands and therefore metabolic stress"
"Event:1115","KeyEvent","Increased, Reactive oxygen species"
"Event:1116","KeyEvent","Decreased, Triiodothyronine (T3) in tissues"
"Event:111","MolecularInitiatingEvent","Agonism, Estrogen receptor"
"Event:1122","KeyEvent","Under carboxylated clotting factors will not assemble on cell surfaces to form clot, Failure of secondary hemostasis  "
"Event:112","MolecularInitiatingEvent","Antagonism, Estrogen receptor"
"Event:1130","KeyEvent","Failure in vascular repair mechanisms, Unresolved blood loss (hemorrhage)"
"Event:1131","KeyEvent","Failure in gamma-glutamyl carboxylation of  clotting factors II, VII, IX and X, Under carboxylation of clotting factors (e.g., des-gamma-carboxy prothrombin) "
"Event:1132","KeyEvent","Blood loss and development of anemia, Impaired oxygen delivery and nutrient delivery to tissue, impaired carbon dioxide and waste product removal"
"Event:1133","KeyEvent","Hemostasis, Depletion from blood of fully functional carboxylated clotting factors"
"Event:1134","MolecularInitiatingEvent","Irreversible inhibition of hepatic VKOR by binding of AR at tyrosine 139, Failure to cycle vitamin K epoxide to vitamin K to form vitamin K hydroquinone"
"Event:1135","KeyEvent","Reduced fitness or even mortality, Acidosis, hypovolemic shock and organ dysfunction"
"Event:1136","AdverseOutcome","Impaired recruitment , Population trajectory"
"Event:1138","MolecularInitiatingEvent","Uncoupling of oxidative phosphorylation, Reduced ability to generate ATP"
"Event:1139","KeyEvent","Increased, water retention in foot"
"Event:1141","AdverseOutcome","Decreased, Reproductive Success"
"Event:1141","KeyEvent","Decreased, Reproductive Success"
"Event:1142","KeyEvent","Increased, valve movement"
"Event:1143","KeyEvent","Depletion, energy reserves"
"Event:1151","KeyEvent","Osteoporosis and vascular calcification, Bone deterioration"
"Event:1152","MolecularInitiatingEvent","Inhibition, Iodotyrosine deiodinase (IYD)"
"Event:1153","MolecularInitiatingEvent","Inhibition, Deiodinase 3"
"Event:1154","KeyEvent","Increased, Triiodothyronine (T3) in tissues"
"Event:1155","MolecularInitiatingEvent","Inhibition, Pendrin"
"Event:1156","MolecularInitiatingEvent","Inhibition, Dual oxidase"
"Event:1157","MolecularInitiatingEvent","Activation, Hepatic nuclear receptor(s)"
"Event:1158","KeyEvent","Increased, Hepatic thyroid hormone uptake/transport"
"Event:115","KeyEvent","Increase, FA Influx"
"Event:1161","KeyEvent","Increased, oocyte maturation"
"Event:1163","AdverseOutcome","Increased, Reproductive Success"
"Event:1163","KeyEvent","Increased, Reproductive Success"
"Event:1164","AdverseOutcome","Increased, Population"
"Event:1169","MolecularInitiatingEvent","Anticoagulant rodenticide interferes with carboxylation of Gla proteins in bone, Impairment of post-translational modification (carboxylation) of osteocalcin"
"Event:116","KeyEvent","Activation, FAS"
"Event:1170","KeyEvent","modulation, Genes/proteins that regulate hepatocyte fate"
"Event:1171","KeyEvent","Increase, Clonal Expansion / Cell Proliferatin to form Pre-Neoplastic Altered Hepatic Foci"
"Event:1174","MolecularInitiatingEvent","Activation, NADPH Oxidase"
"Event:1176","KeyEvent","Decreased, sodium conductance 2"
"Event:1179","KeyEvent","Decreased, GABA release"
"Event:1181","MolecularInitiatingEvent","Activation, Estrogen receptor"
"Event:1182","KeyEvent","Increase, Cell Proliferation (Epithelial Cells)"
"Event:1183","KeyEvent","Decreased, Apoptosis (Epithelial Cells)"
"Event:1187","KeyEvent","Increased, ER binding to DNA (classical pathway) "
"Event:1188","KeyEvent","Increased, ER binding to T.F. to DNA (non-classical pathway)"
"Event:1189","KeyEvent","Increased, Proliferation (Endothelial cells) "
"Event:118","KeyEvent","Formation of hemoglobin adducts"
"Event:1190","KeyEvent","Increased, Migration (Endothelial Cells)"
"Event:1191","KeyEvent","Increased, Non-genomic signaling"
"Event:1192","AdverseOutcome","Increased, Ductal Hyperplasia "
"Event:1192","KeyEvent","Increased, Ductal Hyperplasia "
"Event:1193","AdverseOutcome","Breast Cancer"
"Event:1194","AdverseOutcome","Increase, DNA damage"
"Event:1194","KeyEvent","Increase, DNA damage"
"Event:1194","MolecularInitiatingEvent","Increase, DNA damage"
"Event:1195","KeyEvent","modulation, Extracellular Matrix Composition "
"Event:1196","KeyEvent","Increased, Invasion"
"Event:1197","KeyEvent","Activation, Fibroblasts"
"Event:1198","KeyEvent","Activation, Macrophages"
"Event:1202","KeyEvent","Suppression, IL-2 and IL-4 production"
"Event:1205","MolecularInitiatingEvent","Activation, Juvenile hormone receptor"
"Event:1206","KeyEvent","Induction, Doublesex1 gene"
"Event:1208","AdverseOutcome","Increased, Male offspring"
"Event:1209","KeyEvent","Induction, Male reproductive tract"
"Event:1210","AdverseOutcome","Alteration, Food-web structures"
"Event:1213","KeyEvent","Increased, Angiogenesis"
"Event:1214","KeyEvent","Altered gene expression specific to CAR activation, Hepatocytes"
"Event:1215","MolecularInitiatingEvent","TRPA1 activation, TRPA1 Receptor"
"Event:1218","KeyEvent","Opening of calcium channel, Calcium influx"
"Event:1220","KeyEvent","Trigeminal nerve activation"
"Event:1222","KeyEvent","SP (Substance P) release, Local increase of SP"
"Event:1223","AdverseOutcome","Trigeminal and/or vagal nerve excitation causes Airway Hyper-responsiveness,Cough, Dyspnea"
"Event:1226","AdverseOutcome","Increased Respiratory irritability and Chronic Cough, "
"Event:122","KeyEvent","Activation, Glucocorticoid Receptor"
"Event:122","MolecularInitiatingEvent","Activation, Glucocorticoid Receptor"
"Event:1239","KeyEvent","Altered, Gene Expression"
"Event:1240","KeyEvent","Altered, Protein Production"
"Event:1241","KeyEvent","Increased, Motility"
"Event:1242","KeyEvent","Increased, Second Messenger Production"
"Event:1243","KeyEvent","Altered, Ca2+-calmodulin activated signal transduction"
"Event:1250","AdverseOutcome","Decrease, Lung function"
"Event:1251","KeyEvent","Chronic, Mucus hypersecretion"
"Event:1252","MolecularInitiatingEvent","Binding to (interferes with) topoisomerase II enzyme"
"Event:1253","KeyEvent"," MLL chromosomal translocation"
"Event:1254","AdverseOutcome","Infant leukaemia"
"Event:1255","KeyEvent","induced spawning"
"Event:1256","KeyEvent","increased mantel display"
"Event:1257","KeyEvent","Induced parturition"
"Event:1258","MolecularInitiatingEvent","Decompartmentalization"
"Event:1259","MolecularInitiatingEvent","narcosis"
"Event:1260","MolecularInitiatingEvent","Direct mitochondrial inhibition"
"Event:1261","KeyEvent","Mitochondrial impairment"
"Event:1262","AdverseOutcome","Apoptosis"
"Event:1262","KeyEvent","Apoptosis"
"Event:1263","AdverseOutcome","Necrosis"
"Event:1264","KeyEvent","Increase, Nuclear receptor E75b gene expression"
"Event:1265","KeyEvent","Increase, Fushi tarazu factor-1 gene expression"
"Event:1266","KeyEvent","Decrease, Circulating crustacean cardioactive peptide"
"Event:1267","KeyEvent","Decrease, Ecdysis motoneuron bursts"
"Event:1268","KeyEvent","Decrease, Excitatory postsynaptic potential"
"Event:1269","KeyEvent","Increase, COX-2 expression"
"Event:1270","MolecularInitiatingEvent","Inactivation of PPARγ"
"Event:1271","KeyEvent","Activation of TGF-β signaling"
"Event:1275","KeyEvent","Collagen Deposition"
"Event:1276","AdverseOutcome","Lung fibrosis"
"Event:1277","AdverseOutcome","Reproductive failure"
"Event:1278","KeyEvent","ROS formation"
"Event:1279","KeyEvent","Increase, Oxidative Stress / Activation, PMK-1 P38 MAPK"
"Event:1280","KeyEvent","Activation, HIF-1"
"Event:1281","KeyEvent","Increased, DNA Damage-Repair"
"Event:1282","KeyEvent","Activation, JAK/STAT pathway"
"Event:1283","KeyEvent","Activation, TGF-beta pathway"
"Event:1284","KeyEvent","Up Regulation, SREBF2"
"Event:1285","KeyEvent","Up Regulation, Unsaturated fatty acid"
"Event:1286","KeyEvent","Down Regulation, GSS and GSTs gene"
"Event:1287","KeyEvent","Glutathione synthesis"
"Event:1288","KeyEvent","Activation, 3-hydroxy-3-methylglutaryl-CoA reductase gene"
"Event:1289","KeyEvent","Perturbation of cholesterol"
"Event:1290","KeyEvent","Glutathione homeostasis"
"Event:1291","AdverseOutcome","Hepatotoxicity"
"Event:1292","KeyEvent","Activation, JNK"
"Event:1293","KeyEvent","Activation, FOXO"
"Event:1294","KeyEvent","Inhibition, Wnt pathway"
"Event:1295","KeyEvent","Defect of Embryogenesis"
"Event:129","KeyEvent","Reduction, Gonadotropins, circulating concentrations"
"Event:12","MolecularInitiatingEvent","Inhibition, Acetylcholinesterase (AchE)"
"Event:1305","KeyEvent","Increase, cytosolic fatty acid"
"Event:1316","KeyEvent","Inhibit, serotonin transporter activity"
"Event:1317","KeyEvent","Decreased, serotonin transporter activity"
"Event:1317","MolecularInitiatingEvent","Decreased, serotonin transporter activity"
"Event:1318","KeyEvent","Decreased, extracellular sodium (Na+) "
"Event:1319","KeyEvent","Decreased, extracellular chloride (Cl-)"
"Event:131","KeyEvent","Down Regulation, Gulcose-6-phosphate dehydrogenase"
"Event:1320","KeyEvent","Increased, extracellular serotonin"
"Event:1321","KeyEvent","Increased, intracellular sodium (Na+)"
"Event:1322","KeyEvent","Increased, intracellular chloride (Cl-)"
"Event:1323","KeyEvent","Decreased, intracellular serotonin"
"Event:1324","KeyEvent","Decreased, packaged serotonin"
"Event:1325","KeyEvent","Decreased, synaptic release"
"Event:1326","KeyEvent","Increased, 5-HT3 (5-hydroxytryptamine)"
"Event:1328","KeyEvent","Inactivated, 5-HTR (serotonin receptors)"
"Event:1329","KeyEvent","Reduce expression, BDNF (Brain-derived neurotrophic factor)"
"Event:1330","KeyEvent","Decreased, neuroplasticity"
"Event:1334","KeyEvent","Increase, cortisone"
"Event:1335","KeyEvent","Reduced, BDNF (Brain-derived neurotrophic factor)"
"Event:1336","KeyEvent","Activation, 5-HT2A (Serotonin 2A)"
"Event:1337","KeyEvent","Activate, PLC (Phospholipase C)"
"Event:1338","KeyEvent","Increase, inositol triphosphate"
"Event:1339","KeyEvent","Increase, intracellular calcium"
"Event:1340","KeyEvent","Activate, calmodulin"
"Event:1341","KeyEvent","Increase, myosin light chain phosphorylation"
"Event:1342","KeyEvent","Increase, vascular smooth muscle contraction"
"Event:1343","AdverseOutcome","Increase, hypertension"
"Event:1344","AdverseOutcome","Increased, seizure"
"Event:1344","KeyEvent","Increased, seizure"
"Event:1345","AdverseOutcome","Increased, agitation"
"Event:1346","AdverseOutcome","Increased, depression"
"Event:1347","KeyEvent","Decreased, extracellular serotonin"
"Event:1348","AdverseOutcome","Increase, seizure"
"Event:1349","KeyEvent","Activated, presynaptic neuron 1"
"Event:1349","MolecularInitiatingEvent","Activated, presynaptic neuron 1"
"Event:1350","KeyEvent","Increased, glutamate"
"Event:1351","KeyEvent","Activated, NMDA receptor"
"Event:1352","KeyEvent","Activated, voltage-gated sodium channel"
"Event:1353","KeyEvent","Inhibit, voltage-gated sodium channel"
"Event:1354","KeyEvent","Treat, carbamazepine"
"Event:1355","KeyEvent","Activated, membrane depolarization"
"Event:1356","KeyEvent","Inactive, membrane depolarization"
"Event:1357","KeyEvent","Increased, RDX dose"
"Event:1358","KeyEvent","Repress, GABA-A receptor"
"Event:1359","KeyEvent","Activate, GABA-A receptor"
"Event:1360","KeyEvent","Activate, presynaptic neuron 2"
"Event:1361","KeyEvent","Increase, GABA"
"Event:1362","AdverseOutcome","Increased, hippocampal hyperdepolarization"
"Event:1362","KeyEvent","Increased, hippocampal hyperdepolarization"
"Event:1363","AdverseOutcome","Increased, epilepsy"
"Event:1364","KeyEvent","Increase, Reactive oxygen species"
"Event:1365","KeyEvent","Increase, Apoptosis"
"Event:1366","KeyEvent","Decrease, Oogenesis"
"Event:1367","AdverseOutcome","Inhibit, gastric ulcer formation"
"Event:1368","KeyEvent","Inhibition, PTGS-1 (Prostaglandin-endoperoxide synthase 1)"
"Event:1369","KeyEvent","Activation, PTGS-1 (Prostaglandin-endoperoxide synthase 1)"
"Event:1370","KeyEvent","Activation, PTGS-2 (Prostaglandin-endoperoxide synthase 2)"
"Event:1371","KeyEvent","Inhibition, PTGS-2 (Prostaglandin-endoperoxide synthase 2)"
"Event:1372","KeyEvent","Increase, bicarbonate "
"Event:1373","KeyEvent","Increase, mucous"
"Event:1374","KeyEvent","Increase, mucosal blood flow"
"Event:1375","KeyEvent","Increase, platelet aggregation"
"Event:1376","KeyEvent","Increase, angiogenesis"
"Event:1377","KeyEvent","Decrease, leukocyte adherence"
"Event:1378","KeyEvent","Increase, leukocyte adherence"
"Event:1379","KeyEvent","Activate, leukocyte "
"Event:1380","KeyEvent","Activate, mucosal defense"
"Event:1381","KeyEvent","Increase, surfactant"
"Event:1382","KeyEvent","Decrease, surfactant"
"Event:1383","KeyEvent","Activate, phospholipase"
"Event:1384","KeyEvent","Increase, ammonium (NH4+)"
"Event:1385","AdverseOutcome","Activated, gastric ulcer formation"
"Event:1386","MolecularInitiatingEvent","CYP7B activity, inhibition"
"Event:1387","KeyEvent","7α-hydroxypregnenolone synthesis in the brain, decreased"
"Event:1388","KeyEvent","Dopamine release in the brain, decreased"
"Event:1389","KeyEvent","Locomotor activity, decreased"
"Event:1390","KeyEvent","Sexual behavior, decreased"
"Event:1391","MolecularInitiatingEvent","Activation of Cyp2E1"
"Event:1392","KeyEvent","Oxidative Stress "
"Event:1393","KeyEvent","Hepatocytotoxicity"
"Event:1394","KeyEvent","Regenerative Proliferation "
"Event:1395","AdverseOutcome","Liver Cancer"
"Event:1396","MolecularInitiatingEvent","Increased, glucocorticoid receptor activity"
"Event:1397","KeyEvent","Increased, serotonin transporter activity"
"Event:1397","MolecularInitiatingEvent","Increased, serotonin transporter activity"
"Event:1398","KeyEvent","Increased, intracellular serotonin"
"Event:1399","KeyEvent","Increased, packaged serotonin"
"Event:139","KeyEvent"," Hepatotoxicity"
"Event:1400","KeyEvent","Increased, synaptic release"
"Event:1401","KeyEvent","Decreased, 5-HT3"
"Event:1402","MolecularInitiatingEvent","Reduced, PTGS1 function"
"Event:1403","KeyEvent","Reduced, platelet aggregation"
"Event:1404","KeyEvent","Decreased, mucosal blood flow"
"Event:1405","KeyEvent","Reduced, mucosal defense"
"Event:1406","KeyEvent","Decreased, mucous"
"Event:1407","KeyEvent","Decreased, bicarbonate"
"Event:1408","MolecularInitiatingEvent","Reduced, PTGS2 function"
"Event:1409","KeyEvent","Decreased, angiogenesis"
"Event:140","KeyEvent","Decreased, HSD17B10 expression"
"Event:1410","KeyEvent","Increased, leukocyte adherence"
"Event:1411","KeyEvent","Increased, leukocyte activation"
"Event:1412","MolecularInitiatingEvent","Helicobacter pylori infection"
"Event:1413","MolecularInitiatingEvent","Reduced, presynaptic neuron 2 activity"
"Event:1414","KeyEvent","Decreased, GABA"
"Event:1415","KeyEvent","Reduced, GABA-A receptor activation"
"Event:1416","KeyEvent","Decreased, intracellular chloride"
"Event:1417","MolecularInitiatingEvent","NFE2/Nrf2 repression"
"Event:1418","AdverseOutcome","Increased, steatosis"
"Event:1419","KeyEvent","Reduced, FXR activity"
"Event:1420","KeyEvent","Reduced, SHP activity"
"Event:1421","KeyEvent","Activated, LXR"
"Event:1422","KeyEvent","Reduced, PPARalpha"
"Event:1423","KeyEvent","Reduced, HSD17B4 activity"
"Event:1424","KeyEvent","Reduced, fatty acid beta oxidation"
"Event:1425","MolecularInitiatingEvent","Mu Opioid Receptor Agonism"
"Event:1426","KeyEvent","Release of G Proteins"
"Event:1427","KeyEvent","Opening of G protein gated inward rectifying K channels"
"Event:1428","AdverseOutcome","Analgesia"
"Event:1429","KeyEvent","Inhibition of N-type Ca ion channels"
"Event:142","KeyEvent","Hyperplasia"
"Event:1430","KeyEvent","Inhibition of neurotransmitter vesicle release"
"Event:1431","MolecularInitiatingEvent","Serotonin 1A Receptor Agonism"
"Event:1432","AdverseOutcome","Anti-depressant Activity"
"Event:1433","KeyEvent","Increased CGRP, neuronal release of CGRP"
"Event:1434","AdverseOutcome","Irritation of nasal mucosa inducing sneeze reflex"
"Event:1435","KeyEvent","Increased neurokinin A (NKA) by neuronal cells"
"Event:1437","MolecularInitiatingEvent","Sensing of the stressor by pulmonary cells"
"Event:1438","KeyEvent","Increased production of pulmonary, pro-inflammatory cytokines"
"Event:1439","KeyEvent","Increased production of pulmonary SAA"
"Event:1440","KeyEvent","Formation of HDL-SAA"
"Event:1441","KeyEvent","Increased systemic total cholesterol pool"
"Event:1442","KeyEvent","Foam cell formation"
"Event:1443","AdverseOutcome","Plaque progression in arteries"
"Event:1444","KeyEvent","Increase, Follicular atresia"
"Event:1446","KeyEvent","Increase, Uncoupling of oxidative phosphorylation"
"Event:1446","MolecularInitiatingEvent","Increase, Uncoupling of oxidative phosphorylation"
"Event:1447","AdverseOutcome","obesity"
"Event:1448","KeyEvent","activation of CCAAT/enhancer-binding protein alpha"
"Event:1449","KeyEvent","increased adipogenesis"
"Event:1450","KeyEvent","decreased dopamine"
"Event:1451","KeyEvent","decreased reward"
"Event:1452","KeyEvent","decreased DNA methylation of tyrosine hydroxylase"
"Event:1453","KeyEvent","decreased methylation of dopamine transporter promoter"
"Event:1454","MolecularInitiatingEvent","chronic high fat diet"
"Event:1456","KeyEvent","Increase, Differentiation of fibroblasts"
"Event:1457","KeyEvent","Induction, Epithelial Mesenchymal Transition"
"Event:1458","AdverseOutcome","Pulmonary fibrosis"
"Event:145","KeyEvent","Induction, IKB inhibitory protein"
"Event:1461","KeyEvent","DNA double-strand break "
"Event:1462","MolecularInitiatingEvent","Thiol group of chemicals interact with sulfuhydryl groups of proteins to form thiol adducts"
"Event:1463","KeyEvent","Inhibition of lysyl oxidase"
"Event:1464","KeyEvent","Reduction of collagen crosslinking"
"Event:1465","KeyEvent","Weak collagen matrix"
"Event:1466","KeyEvent","Notochord distortion or malformations"
"Event:1467","AdverseOutcome","Growth, reduction"
"Event:1468","MolecularInitiatingEvent","Activation, Latent Transforming Growth Factor Beta 1"
"Event:1469","KeyEvent","Activation, Transforming Growth Factor beta pathway"
"Event:1471","MolecularInitiatingEvent","Increase, Uncoupling of photophosphorylation"
"Event:1472","KeyEvent","Decrease, Chloroplast ATP production"
"Event:1473","KeyEvent","Decrease, Chlorophyll synthesis"
"Event:1474","KeyEvent","Decrease, Light harvest capacity"
"Event:1475","KeyEvent","Decrease, Photosynthesis"
"Event:1476","KeyEvent","Decrease, Glycolysis"
"Event:1477","KeyEvent","Decrease, Oxidative phosphorylation"
"Event:1478","KeyEvent","Decrease, Leaf cell mitosis"
"Event:1479","KeyEvent","Decrease, Leaf development"
"Event:147","KeyEvent","Inhibition, Inducible Nitric Oxide Synthase by Metabolite CGA 265307"
"Event:1480","AdverseOutcome","Increase, Growth inhibition"
"Event:1481","MolecularInitiatingEvent","Inhibition of mitochondrial DNA polymerase gamma (Pol gamma)"
"Event:1482","KeyEvent","Depletion, mtDNA "
"Event:1483","KeyEvent","Dysfunction, Mitochondria "
"Event:1486","MolecularInitiatingEvent","Binding of substrate, endocytic receptor"
"Event:1487","MolecularInitiatingEvent","Binding, Thiol/seleno-proteins involved in protection against oxidative stress"
"Event:1488","KeyEvent","Glutamate dyshomeostasis"
"Event:1489","AdverseOutcome","N/A, Steatohepatisis"
"Event:1490","MolecularInitiatingEvent","Inhibition, Fatty Acid Beta Oxidation"
"Event:1491","KeyEvent","Increased, Oncotic Necrosis"
"Event:1492","KeyEvent","Tissue resident cell activation"
"Event:1493","KeyEvent","Increased Pro-inflammatory mediators"
"Event:1494","KeyEvent","Leukocyte recruitment/activation"
"Event:1495","MolecularInitiatingEvent","Increased, interaction with the resident cell membrane components"
"Event:1496","KeyEvent","Increased, secretion of proinflammatory and profibrotic mediators"
"Event:1497","KeyEvent","Increased, recruitment of inflammatory cells"
"Event:1498","KeyEvent","Increased, loss of alveolar capillary membrane integrity"
"Event:1499","KeyEvent","Increased, activation of T (T) helper (h) type 2 cells"
"Event:149","KeyEvent","Increase, Inflammation"
"Event:1500","KeyEvent","Increased, fibroblast proliferation and myofibroblast differentiation"
"Event:1501","KeyEvent","Increased, extracellular matrix deposition"
"Event:1502","MolecularInitiatingEvent","Histone deacetylase inhibition"
"Event:1503","KeyEvent","Histone acetylation, increase"
"Event:1504","KeyEvent","p21 (CDKN1A) expression, increase"
"Event:1505","KeyEvent","cell cycle, disrupted"
"Event:1506","AdverseOutcome","testicular toxicity"
"Event:1508","MolecularInitiatingEvent","CYP2E1 Activation"
"Event:1509","MolecularInitiatingEvent","Protein Adduct Formation"
"Event:1510","KeyEvent","Oxidative Stress in Brain"
"Event:1511","KeyEvent","Lipid Peroxidation"
"Event:1512","KeyEvent","Unfolded Protein Response"
"Event:1513","KeyEvent","General Apoptosis"
"Event:1514","AdverseOutcome","Neurodegeneration"
"Event:1515","KeyEvent","spermatocyte depletion"
"Event:1516","MolecularInitiatingEvent","Increase, D1 protein blockage"
"Event:1517","KeyEvent","Decrease, Photosystem II activity"
"Event:151","KeyEvent","Activation, Inflammatory cytokines, chemokines, cytoprotective gene pathways"
"Event:1521","AdverseOutcome","Decrease, Growth"
"Event:1521","KeyEvent","Decrease, Growth"
"Event:1522","MolecularInitiatingEvent","Increase, Chitin synthase inhibition"
"Event:1523","KeyEvent","Decrease, Cuticular chitin synthesis"
"Event:1524","KeyEvent","Increase, Premature molting"
"Event:1525","MolecularInitiatingEvent","Increase, Sulfonylurea receptor binding"
"Event:1526","KeyEvent","Increase, Opening of voltage-dependent calcium channel"
"Event:1527","KeyEvent","Increase, Cell membrane depolarization"
"Event:1528","KeyEvent","Fatty Acid Beta Oxidation, Decreased"
"Event:1529","MolecularInitiatingEvent","Blockade, L-Type Calcium Channels "
"Event:152","KeyEvent","Suppression, Inflammatory cytokines"
"Event:1530","KeyEvent","Decrease, Calcium currents"
"Event:1531","KeyEvent","Decrease, Calcium binding to Troponin C"
"Event:1532","KeyEvent","Decrease, Cardiac contractility "
"Event:1533","KeyEvent","Decrease, Cardiac ejection fraction "
"Event:1535","AdverseOutcome","Heart failure "
"Event:1536","KeyEvent","Disruption, Intracellular calcium mobilization"
"Event:1537","KeyEvent","Disruption, Sarcomere assembly"
"Event:1538","KeyEvent","Decreased protection against oxidative stress"
"Event:1539","MolecularInitiatingEvent","Endocytotic lysosomal uptake"
"Event:1542","MolecularInitiatingEvent","Mitochondrial Complex III inhibition"
"Event:1543","MolecularInitiatingEvent","Mitochondrial Complex IV inhibition"
"Event:1544","MolecularInitiatingEvent","Mitochondrial Complex V inhibition"
"Event:1545","KeyEvent","Decrease in mitochondrial oxidative phosphorylation"
"Event:1546","KeyEvent","Increased reactive oxygen species (in the mitochondria)"
"Event:1547","KeyEvent","Mitochondrial Injury"
"Event:1548","AdverseOutcome","Necrotic Tissue"
"Event:1549","AdverseOutcome","Liver Injury"
"Event:1557","KeyEvent","Neural crest cell migration, reduced"
"Event:1558","KeyEvent","Collagen production, reduced"
"Event:1559","AdverseOutcome","Facial cartilage structures are reduced in size and morphologically distorted"
"Event:155","KeyEvent","Inadequate DNA repair"
"Event:1560","KeyEvent","Altered differentiation"
"Event:1561","AdverseOutcome","Neural tube defects"
"Event:1562","KeyEvent","Decreased Na/K ATPase activity"
"Event:1563","KeyEvent","Decreased proximal tubular vectorial transport"
"Event:1564","AdverseOutcome","Chemical induced Fanconi syndrome"
"Event:1569","KeyEvent","Impaired T cell activation"
"Event:1570","MolecularInitiatingEvent","Blocking of IL-1R"
"Event:1571","MolecularInitiatingEvent","Decreased IL-1 production"
"Event:1572","MolecularInitiatingEvent","Impaired IL-1 signaling"
"Event:1574","MolecularInitiatingEvent","Inhibition, IKK complex"
"Event:1575","KeyEvent","Activation, Caspase 8 pathway"
"Event:1576","KeyEvent","Activation, Tissue resident cells (Kuppfer cells)"
"Event:1579","KeyEvent","Increase, proinflammatory mediators (TNFalpha)"
"Event:1580","MolecularInitiatingEvent","Binding of microtubule stabilizing agents (MSA) to microtubules"
"Event:1581","KeyEvent","Disturbance in microtubule dynamic instability"
"Event:1582","KeyEvent","Impaired axonial transport"
"Event:1583","AdverseOutcome","Sensory axonal peripheral neuropathy"
"Event:1584","MolecularInitiatingEvent","Interaction of α-diketones with arginine residues"
"Event:1585","KeyEvent","Proteasomal dysfunction"
"Event:1586","KeyEvent","Airway epithelial injury"
"Event:1587","KeyEvent","Fibroproliferative airway lesions"
"Event:1588","AdverseOutcome","Bronchiolitis obliterans"
"Event:1592","MolecularInitiatingEvent","ROS generation from photoactivated chemicals"
"Event:1594","KeyEvent","Oxidation of membrane lipids"
"Event:1595","KeyEvent","Oxidation/denatuation of membrane proteins"
"Event:1599","AdverseOutcome","Inflamatory events in light-exposed tissues"
"Event:1602","KeyEvent","Activation, Muscarinic Acetylcholine Receptors"
"Event:1603","AdverseOutcome","Chronic kidney disease"
"Event:1604","MolecularInitiatingEvent","Inhibition of N-linked glycosylation"
"Event:1605","KeyEvent","Accumulation of misfolded proteins"
"Event:1606","KeyEvent","Activation of hepatic stellate cells"
"Event:1607","KeyEvent","Increase, Necrosis"
"Event:1608","KeyEvent","Increase, Oxidative DNA damage"
"Event:1609","MolecularInitiatingEvent","Inhibition, Cytochrome P450 enzyme (CYP17A1) activity"
"Event:1610","KeyEvent","Reduction, 17-OH-pregnenolone conversion in DHEA"
"Event:1611","KeyEvent","Reduction, 17-OH-progesterone conversion in androstenedione"
"Event:1612","KeyEvent","Decrease, testosterone synthesis/level"
"Event:1613","KeyEvent","Decrease, dihydrotestosterone (DHT) level"
"Event:1614","KeyEvent","Decrease, androgen receptors (AR) activation"
"Event:1615","KeyEvent","Impaired inguinoscrotal testicular descent phase"
"Event:1616","AdverseOutcome","Malformation, cryptorchidism - maldescended testis"
"Event:1617","MolecularInitiatingEvent","5α-reductase, inhibition"
"Event:1619","MolecularInitiatingEvent","Increase, DNA methyltransferase inhibition"
"Event:161","KeyEvent","Increase, Liver and splenic hemosiderosis"
"Event:1620","KeyEvent","Increase, DNA hypomethylation"
"Event:1621","KeyEvent","Increase, Gene expression"
"Event:1622","KeyEvent","Decrease, Transgenerational DNA methylation"
"Event:1623","KeyEvent","Occurrence, Cellular Seizure"
"Event:1627","MolecularInitiatingEvent","Inhibition of tyrosinase "
"Event:1628","KeyEvent","Reduction of L-Dopaquinone"
"Event:1629","KeyEvent","Reduction in melanin level"
"Event:1630","KeyEvent","Reduction of melanosome level"
"Event:1631","KeyEvent","Reduction fo Pigmentation pattern "
"Event:1632","KeyEvent","Increase in reactive oxygen and nitrogen species (RONS)"
"Event:1632","MolecularInitiatingEvent","Increase in reactive oxygen and nitrogen species (RONS)"
"Event:1634","MolecularInitiatingEvent","Increase, Oxidative damage to DNA"
"Event:1635","KeyEvent","Increase, DNA strand breaks"
"Event:1636","AdverseOutcome","Increase, Chromosomal aberrations"
"Event:1637","MolecularInitiatingEvent","Retinaldehyde dehydrogenase inhibition"
"Event:1640","KeyEvent","Decreased optical elements of the eye "
"Event:1641","KeyEvent","Decreased retinoic acid (RA) synthesis"
"Event:1642","KeyEvent","Decreased plasma RA level"
"Event:1643","KeyEvent","Increased visual impairment"
"Event:1644","KeyEvent","Impaired Ab production"
"Event:1645","MolecularInitiatingEvent","Wnt ligand stimulation"
"Event:1646","KeyEvent","Frizzled activation"
"Event:1647","KeyEvent","GSK3beta inactivation"
"Event:1648","KeyEvent","β-catenin activation"
"Event:1649","KeyEvent","Snail, Zeb, Twist activation"
"Event:164","KeyEvent","Induction, Liver “Dysfunctional” Changes by CGA 330050"
"Event:1650","KeyEvent","Epithelial-mesenchymal transition, induced"
"Event:1651","AdverseOutcome","Cancer Malignancy"
"Event:1652","MolecularInitiatingEvent","Increase, S-adenosylmethionine depletion"
"Event:1653","MolecularInitiatingEvent","Binding of inhibitor to mitochondrial complex III"
"Event:1654","MolecularInitiatingEvent","Binding of inhibitor to mitochondrial complex IV"
"Event:1655","MolecularInitiatingEvent","Binding of inhibitor to mitochondrial complex V"
"Event:1656","MolecularInitiatingEvent","Antagonism, Thyroid Receptor "
"Event:1657","MolecularInitiatingEvent","Inhibition of cystathionine beta-synthase"
"Event:165","MolecularInitiatingEvent","Activation, Long term AHR receptor driven direct and indirect gene expression changes"
"Event:1661","KeyEvent","Increased Homocysteine level "
"Event:1665","KeyEvent","Increased, Plasma HCY level"
"Event:1666","KeyEvent","Induced, dysfunction of microcirculation"
"Event:1667","AdverseOutcome","Impaired,anterior-posterior axis development"
"Event:1668","MolecularInitiatingEvent","Frustrated phagoytosis"
"Event:1669","KeyEvent","Increased, DNA damage and mutation"
"Event:166","KeyEvent","Decreased, Long-term potentiation (LTP)"
"Event:1670","AdverseOutcome","Lung cancer"
"Event:1671","MolecularInitiatingEvent","Substance - lung surfactant interaction"
"Event:1672","KeyEvent","Disruption of lung surfactant function"
"Event:1673","KeyEvent","Alveolar collapse"
"Event:1674","KeyEvent","Alveolar reopening"
"Event:1675","KeyEvent","Loss of barrier function"
"Event:1676","KeyEvent","Blood extravasation into the lungs"
"Event:1677","KeyEvent","Reduced lung volume "
"Event:1678","KeyEvent","Impaired oxygenation of the blood"
"Event:1679","AdverseOutcome","Acute inhalation toxicity"
"Event:167","MolecularInitiatingEvent","Activation, LXR"
"Event:168","KeyEvent","Decreased, Lymphocytes"
"Event:169","KeyEvent","Disruption, Membrane integrity"
"Event:173","KeyEvent","Methemoglobinemia, decreased hemoglobin, hematocrit, red blood cell number"
"Event:176","KeyEvent","Damaging, Mitochondria"
"Event:177","KeyEvent","Mitochondrial dysfunction 1"
"Event:178","KeyEvent","Disruption, Mitochondrial electron transport chain"
"Event:179","KeyEvent","Decreased, Mitochondrial fatty acid beta-oxidation"
"Event:185","AdverseOutcome","Increase, Mutations"
"Event:185","KeyEvent","Increase, Mutations"
"Event:186","KeyEvent","Altered, Neuroanatomy"
"Event:188","KeyEvent","Neuroinflammation"
"Event:18","MolecularInitiatingEvent","Activation, AhR"
"Event:192","KeyEvent","Altered, Neurophysiology"
"Event:193","KeyEvent","Decreased, Nitric Oxide"
"Event:195","KeyEvent","Inhibition, NMDARs"
"Event:201","MolecularInitiatingEvent","Binding of antagonist, NMDA receptors"
"Event:202","KeyEvent","Inhibition, Nuclear factor kappa B (NF-kB)"
"Event:209","KeyEvent","Peptide Oxidation"
"Event:209","MolecularInitiatingEvent","Peptide Oxidation"
"Event:211","KeyEvent","Propagation, Oxidative stress"
"Event:214","KeyEvent","Bile accumulation, Pathological condition"
"Event:216","KeyEvent","Decreased, PCK1 expression (control point for glycolysis/gluconeogenesis pathway)"
"Event:219","KeyEvent","Reduction, Plasma 17beta-estradiol concentrations"
"Event:21","KeyEvent","Altered regulation, Alpha hemoglobin"
"Event:220","KeyEvent","Increase, Plasma vitellogenin concentrations"
"Event:221","KeyEvent","Reduction, Plasma vitellogenin concentrations"
"Event:227","KeyEvent","Activation, PPARα"
"Event:227","MolecularInitiatingEvent","Activation, PPARα"
"Event:228","MolecularInitiatingEvent","peroxisome proliferator activated receptor promoter demethylation"
"Event:231","MolecularInitiatingEvent","Decreased, PPAR-alpha activation"
"Event:232","MolecularInitiatingEvent","Decreased, PPAR-beta activation"
"Event:233","MolecularInitiatingEvent","Decreased, PPAR-gamma activation"
"Event:239","MolecularInitiatingEvent","Activation, Pregnane-X receptor, NR1l2"
"Event:240","KeyEvent","Feminisation or incomplete development, Primary and accessory male sex organs"
"Event:243","KeyEvent","Reduction, Prostaglandin E2 concentration"
"Event:244","MolecularInitiatingEvent","Alkylation, Protein"
"Event:245","MolecularInitiatingEvent","Activation, PXR/SXR"
"Event:246","KeyEvent","Increase, RBC congestion in liver"
"Event:249","KeyEvent","Production, Reactive oxygen species"
"Event:250","KeyEvent","Damaging, Red blood cells; hemolysis"
"Event:252","KeyEvent","Increase, Renal pathology due to VTG deposition"
"Event:253","AdverseOutcome"," Reproductive failure"
"Event:257","KeyEvent","Increase, Reactive oxygen species production"
"Event:257","MolecularInitiatingEvent","Increase, Reactive oxygen species production"
"Event:258","KeyEvent","Activation, SCD-1"
"Event:25","MolecularInitiatingEvent","Agonism, Androgen receptor"
"Event:264","KeyEvent","Activation, SREBP-1c"
"Event:265","KeyEvent","Activation, Stellate cells"
"Event:266","KeyEvent","Decrease, Steroidogenic acute regulatory protein (STAR)"
"Event:269","KeyEvent","Induction, Sustained Cell Proliferation"
"Event:270","KeyEvent","Induction, Sustained Hepatotoxicity"
"Event:272","KeyEvent","Activation/Proliferation, T-cells"
"Event:274","KeyEvent","Reduction, Testosterone synthesis by ovarian theca cells"
"Event:277","KeyEvent","Thyroid hormone synthesis, Decreased"
"Event:277","MolecularInitiatingEvent","Thyroid hormone synthesis, Decreased"
"Event:279","MolecularInitiatingEvent","Thyroperoxidase, Inhibition"
"Event:27","MolecularInitiatingEvent"," Androgen receptor, Antagonism"
"Event:280","KeyEvent","Thyroxine (T4) in neuronal tissue, Decreased "
"Event:281","KeyEvent"," Thyroxine (T4) in serum, Decreased"
"Event:285","KeyEvent","Reduction, Vitellogenin synthesis in liver"
"Event:286","KeyEvent","Decreased, Transcription of genes by AR"
"Event:288","KeyEvent","Activation of specific nuclear receptors, Transcriptional change"
"Event:289","KeyEvent","Decrease, Translocator protein (TSPO)"
"Event:28","KeyEvent","Reduction, Angiogenesis"
"Event:291","KeyEvent","Accumulation, Triglyceride"
"Event:295","KeyEvent","Induction, Upregulation of glucuronyltransferase activity"
"Event:298","KeyEvent","Insufficiency, Vascular"
"Event:305","MolecularInitiatingEvent","Inhibition, VegfR2"
"Event:307","KeyEvent","Increase, Vitellogenin synthesis in liver"
"Event:309","KeyEvent","Reduction, Vitellogenin accumulation into oocytes and oocyte growth/development"
"Event:310","KeyEvent","Alteration, Wnt pathway"
"Event:313","AdverseOutcome","Increase, Allergic Respiratory Hypersensitivity Response"
"Event:317","KeyEvent","Altered, Cardiovascular development/function"
"Event:319","AdverseOutcome","Loss, Cochlear function"
"Event:321","AdverseOutcome","Cyanosis occurs"
"Event:323","AdverseOutcome","Increased, Disease susceptibility"
"Event:327","KeyEvent","Accumulation, Fatty acid"
"Event:328","AdverseOutcome","Decrease, Fecundity"
"Event:330","AdverseOutcome","Decrease, Fertility"
"Event:334","AdverseOutcome","Promotion, Hepatocelluar carcinoma"
"Event:336","AdverseOutcome","Increase, Heritable mutations in offspring"
"Event:337","AdverseOutcome","Impairment of reproductive capacity"
"Event:339","AdverseOutcome","Altered, Larval development"
"Event:341","AdverseOutcome","Impairment, Learning and memory"
"Event:341","KeyEvent","Impairment, Learning and memory"
"Event:344","AdverseOutcome","Liver fibrosis"
"Event:345","AdverseOutcome","Liver Steatosis"
"Event:347","KeyEvent","Formation, Liver tumor"
"Event:348","AdverseOutcome","Malformation, Male reproductive tract"
"Event:350","AdverseOutcome","Increase, Mortality"
"Event:350","KeyEvent","Increase, Mortality"
"Event:351","AdverseOutcome","Increased, Mortality"
"Event:352","AdverseOutcome","Neurodegeneration"
"Event:352","KeyEvent","Neurodegeneration"
"Event:356","AdverseOutcome","Increased, Oxidative damage"
"Event:357","AdverseOutcome","Cholestasis, Pathology"
"Event:360","AdverseOutcome","Decrease, Population trajectory"
"Event:361","AdverseOutcome","Decline, Population"
"Event:363","AdverseOutcome","Altered, Reproductive behaviour"
"Event:364","AdverseOutcome","Impaired development of, Reproductive organs"
"Event:369","AdverseOutcome","Uroporphyria"
"Event:36","MolecularInitiatingEvent","Inhibition, Aromatase"
"Event:373","MolecularInitiatingEvent","Formation, Pro-mutagenic DNA Adducts"
"Event:376","KeyEvent","Increased, Induced Mutations in Critical Genes"
"Event:378","AdverseOutcome","Tumorigenesis, Hepatocellular carcinoma"
"Event:381","KeyEvent","Reduced levels of BDNF"
"Event:382","KeyEvent","Aberrant, Dendritic morphology"
"Event:383","KeyEvent","Reduced, Presynaptic release of glutamate"
"Event:385","KeyEvent","Decrease of synaptogenesis"
"Event:386","KeyEvent","Decrease of neuronal network function"
"Event:388","KeyEvent","Overactivation, NMDARs"
"Event:389","KeyEvent","Increased, Intracellular Calcium overload"
"Event:396","MolecularInitiatingEvent","Covalent Binding, Protein"
"Event:398","KeyEvent","Activation, Dendritic Cells"
"Event:39","KeyEvent","Induction, Ataxia, paralysis, or hyperactivity"
"Event:3","KeyEvent","Reduction, 17beta-estradiol synthesis by ovarian granulosa cells"
"Event:401","KeyEvent","Increase, Biliary excretion TH glucuronide"
"Event:402","AdverseOutcome","Cognitive Function, Decreased "
"Event:403","KeyEvent","Suppression, Immune system"
"Event:405","AdverseOutcome","irregularities, ovarian cycle"
"Event:406","AdverseOutcome","impaired, Fertility"
"Event:408","MolecularInitiatingEvent","reduction in ovarian granulosa cells, Aromatase (Cyp19a1)"
"Event:409","KeyEvent","Metabolism of AFB1, Production of Reactive Electrophiles"
"Event:40","KeyEvent","Decrease, Mitochondrial ATP production"
"Event:413","KeyEvent","Reduction, Testosterone synthesis in Leydig cells"
"Event:414","KeyEvent","Increase, Luteinizing hormone (LH) "
"Event:415","KeyEvent","Hyperplasia, Leydig cell"
"Event:416","KeyEvent","Increase proliferation, Leydig cell "
"Event:417","AdverseOutcome","skewed, sex ratio"
"Event:418","KeyEvent","Increased, Vitellogenin synthesis"
"Event:419","KeyEvent","Increased, renal vitellogenin deposition"
"Event:41","MolecularInitiatingEvent","Inhibition, Bile Salt Export Pump (ABCB11)"
"Event:421","KeyEvent","Increased, glomerular rupture and renal hemorrhaging"
"Event:422","KeyEvent","Increased, nephropathy"
"Event:424","MolecularInitiatingEvent","Inhibition, Na+/I- symporter (NIS)"
"Event:425","KeyEvent","Decrease of Thyroidal iodide"
"Event:426","KeyEvent","Decreased, Thyroxine (T4) in serum"
"Event:442","AdverseOutcome","Decreased, Population trajectory"
"Event:444","KeyEvent","Increased, Atrioventricular block and bradycardia"
"Event:445","KeyEvent","Increased, Respiratory distress/arrest"
"Event:446","KeyEvent","Reduction, testosterone level"
"Event:447","KeyEvent","Reduction, Cholesterol transport in mitochondria"
"Event:450","KeyEvent","Suppression, VLDL secretion"
"Event:451","KeyEvent","Inhibition, Mitochondrial fatty acid beta-oxidation"
"Event:454","KeyEvent","Increased, Triglyceride formation"
"Event:455","AdverseOutcome","Accumulation, Liver lipid"
"Event:456","MolecularInitiatingEvent","Suppression, Constitutive androstane receptor, NR1l3"
"Event:457","KeyEvent","Activation, SREBF1"
"Event:458","KeyEvent","Increased, De Novo FA synthesis"
"Event:459","AdverseOutcome","Increased, Liver Steatosis"
"Event:459","KeyEvent","Increased, Liver Steatosis"
"Event:461","MolecularInitiatingEvent","Suppression, HNF4alpha"
"Event:462","KeyEvent","Up Regulation, SCD-1"
"Event:463","KeyEvent","Up Regulation, FAS"
"Event:465","KeyEvent","Increased, FA Influx"
"Event:466","KeyEvent","Up Regulation, LDLR (low density lipoprotein receptor)"
"Event:467","KeyEvent","Increased, LDL uptake"
"Event:468","MolecularInitiatingEvent","Inhibition, PPAR alpha"
"Event:46","MolecularInitiatingEvent","Accumulation, Biological membranes"
"Event:470","KeyEvent","Up Regulation, Acetyl-CoA carboxylase-1 (ACC-1)"
"Event:471","KeyEvent","Inhibition, FoxA2"
"Event:472","KeyEvent","Down Regulation, CPT1A"
"Event:474","KeyEvent","Down Regulation, HMGCS2"
"Event:477","KeyEvent","Decreased, Ketogenesis"
"Event:478","MolecularInitiatingEvent","Activation, NRF2"
"Event:479","MolecularInitiatingEvent","Activation, NR1H4"
"Event:480","KeyEvent","Activation, SHP"
"Event:482","KeyEvent","Decreased, DHB4/HSD17B4"
"Event:483","KeyEvent","Activation, LXR alpha"
"Event:484","KeyEvent","Activation, AKT2"
"Event:486","MolecularInitiatingEvent","systemic inflammation leading to hepatic steatosis"
"Event:488","KeyEvent","Decrease, Ovulation"
"Event:491","KeyEvent","Clonal Expansion/Cell Proliferation, to form Altered Hepatic Foci (AHF)"
"Event:493","KeyEvent","Increased, Insufficient repair or mis-repair of pro-mutagenic DNA adducts"
"Event:494","MolecularInitiatingEvent","Glucocorticoid Receptor Agonist, Activation"
"Event:495","KeyEvent","Repressed expression of steroidogenic enzymes "
"Event:496","KeyEvent","Increased apoptosis, decreased number of adult Leydig Cells "
"Event:49","KeyEvent","Reduction, Ca and HCO3 transport to shell gland"
"Event:505","AdverseOutcome","Decreased sperm quantity / quality in the adult, Decreased fertility "
"Event:50","KeyEvent","Increase, Ca++ (intracellular)"
"Event:51","MolecularInitiatingEvent","Inhibition, Ca++ ATPase"
"Event:520","AdverseOutcome","Decreased sperm quantity or quality in the adult, Decreased fertility "
"Event:520","KeyEvent","Decreased sperm quantity or quality in the adult, Decreased fertility "
"Event:525","KeyEvent","Apoptosis of adult Leydig cells, Decreased testosterone by adult Leydig cells"
"Event:526","MolecularInitiatingEvent","Inhibition, Inhibition of Dopamine-beta-hydroxylase"
"Event:527","AdverseOutcome","Decreased, Decreased fecundity "
"Event:528","KeyEvent","Decreased, Synthesis of NE"
"Event:529","KeyEvent","Decreased, GnRH cfos activity"
"Event:52","KeyEvent","Decreased, Calcium influx"
"Event:530","KeyEvent","Decreased, GnRH pulsatility/release"
"Event:531","KeyEvent","Decreased, LH Surge"
"Event:532","KeyEvent","Delayed, Ovulation"
"Event:533","KeyEvent","Decreased, Cortical granule release/distribution upon fertilization"
"Event:534","KeyEvent","Altered, Formation of cortical envelope"
"Event:535","KeyEvent","Abnormal, Sperm penetration (polyspermy)"
"Event:536","KeyEvent","Altered, Chromosome number (polyploid) zygote"
"Event:540","KeyEvent","Decreased testosterone by the fetal Leydig cells, Dysgensis of fetal Leydig cells"
"Event:541","KeyEvent","Decreased testosterone by the fetal Leydig cells, Decreased COUP-TFII stem Leydig cells"
"Event:543","AdverseOutcome","Decreased fertility in the adult, Decreased sperm quantity and/or quality in the adult testis"
"Event:54","KeyEvent","Up Regulation, CD36"
"Event:559","MolecularInitiatingEvent","Activation, Nicotinic acetylcholine receptor"
"Event:55","KeyEvent"," Cell death"
"Event:560","KeyEvent","Abnormal, Foraging activity and behavior"
"Event:561","KeyEvent","Reduced, Food storage"
"Event:563","AdverseOutcome","Death/Failure, Colony"
"Event:564","KeyEvent","Abnormal, Roll change within caste"
"Event:565","KeyEvent","Reduced, Brood care"
"Event:566","AdverseOutcome","impaired, Larval development"
"Event:568","AdverseOutcome","impaired, Hive thermoregulation"
"Event:568","KeyEvent","impaired, Hive thermoregulation"
"Event:570","KeyEvent","Accumulation, Damaged mitochondrial DNA"
"Event:571","KeyEvent","Accelerated, Aging"
"Event:572","AdverseOutcome","Decrease, Number of worker bees"
"Event:573","KeyEvent","Increase, Energetic demands and therefore metabolic stress"
"Event:574","KeyEvent","Increased, Appetite and hunger"
"Event:576","KeyEvent","Increased, Viral susceptibility"
"Event:577","KeyEvent","impaired, Development"
"Event:578","KeyEvent","Decreased, Glucose oxidase enzyme activity"
"Event:579","KeyEvent","Decreased, Hydrogen peroxide production"
"Event:57","KeyEvent","Proliferation, Cell proliferation in the absence of cytotoxicity"
"Event:580","KeyEvent","Reduced, Antiseptic incorporated in food"
"Event:584","MolecularInitiatingEvent","Inhibition, sodium channel"
"Event:585","KeyEvent","Decreased, Sodium conductance 1"
"Event:586","KeyEvent","Reduced, swimming speed"
"Event:587","AdverseOutcome","Reduced, feeding 1"
"Event:587","KeyEvent","Reduced, feeding 1"
"Event:588","AdverseOutcome","Increased, predation"
"Event:588","KeyEvent","Increased, predation"
"Event:590","KeyEvent","hypoxia"
"Event:591","AdverseOutcome","Increased, amputations"
"Event:592","AdverseOutcome","Reduced, survival"
"Event:593","MolecularInitiatingEvent","Inhibition, Ether-a-go-go (ERG) voltage-gated potassium channel "
"Event:598","MolecularInitiatingEvent","modulation, sodium channel"
"Event:599","KeyEvent","prolonged, Depolarization of neuronal membrane"
"Event:600","KeyEvent","Overactivation, Neuronotransmitter release"
"Event:601","KeyEvent","Overactivation, muscle contraction"
"Event:602","KeyEvent","Increased, Ataxia, paralysis, or hyperactivity"
"Event:613","AdverseOutcome","Occurrence, Epileptic seizure"
"Event:613","KeyEvent","Occurrence, Epileptic seizure"
"Event:616","KeyEvent","Occurrence, A paroxysmal depolarizing shift"
"Event:618","KeyEvent","Decreased, Neuronal network function in adult brain"
"Event:619","MolecularInitiatingEvent","Inhibition, 5-hydroxytryptamine transporter (5-HTT; SERT)"
"Event:621","KeyEvent","Increase, cilia movement"
"Event:622","KeyEvent","Increased, locomotion"
"Event:623","AdverseOutcome","Increase, predation"
"Event:624","KeyEvent","Increased, foot detachment"
"Event:625","KeyEvent","Increased, muscular waves in foot"
"Event:626","KeyEvent","Increased, serotonin (5-HT) "
"Event:627","KeyEvent","Decreased, anxiety"
"Event:629","KeyEvent","Decreased, sheltering"
"Event:633","KeyEvent","Decrease, histaminergic neuron excitation"
"Event:634","KeyEvent","sedation"
"Event:635","KeyEvent","Decreased, locomotion"
"Event:636","AdverseOutcome","Decreased, survival"
"Event:638","MolecularInitiatingEvent","Antagonism, Histamine Receptor (H2)"
"Event:640","MolecularInitiatingEvent","Decreased steroidogenesis, Proteomic alterations in the adult Leydig cell"
"Event:642","MolecularInitiatingEvent","Decreased Cholesterol, Decreased De Novo Biosynthesis of Choleseterol"
"Event:643","MolecularInitiatingEvent","Decreased Cholesterol, Decreased Uptake of Lipoproteins"
"Event:644","MolecularInitiatingEvent","Decreased Cholesterol, Decreased Transport of Cholesterol to the Inner Mitochondrial Membrane"
"Event:645","KeyEvent","Decreased Cholesterol, Decreased Testosterone Production by Adult Leydig Cells"
"Event:646","AdverseOutcome","Decreased Cholesterol, Decreased sperm quantity and/or quality in the adult testis"
"Event:647","KeyEvent","Decreased steroidogenesis, Decreased Activity of Steroidogenic Enzymes in Adult Leydig cells"
"Event:648","KeyEvent","Decreased steroidogenesis, Increased Apoptosis of Adult Leydig Cells"
"Event:649","KeyEvent","Decreased steroidogenesis, Alterations in the Leydig Cell Cytoskeleton"
"Event:64","KeyEvent","Reduction, Ionotropic GABA receptor chloride channel conductance"
"Event:650","MolecularInitiatingEvent","Stimulation of adult Leydig cells via the Adrenal Corticosterone, Increased Glucocorticoid"
"Event:651","KeyEvent","Glucocorticoid Receptor mediated alterations in steriodogenic enzymes, Decreased testosterone by adult Leydig cells"
"Event:652","KeyEvent","Direct effects of Corticosterone on steroidogenesis, Decreased testosterone by adult Leydig cells"
"Event:653","MolecularInitiatingEvent","Decreased testosterone by the fetal Leydig cells, Increased corticosterone"
"Event:654","MolecularInitiatingEvent","Decreased testosterone by the fetal Leydig cells, Activation by other glucocorticoid receptor agonists"
"Event:655","KeyEvent","Decreased testosterone by the fetal Leydig cells, Increased COUP-TFII in fetal Leydig cells"
"Event:656","KeyEvent","Decreased number and function of adult Leydig cells, Decreased COUP-TFII stem Leydig cells"
"Event:657","KeyEvent","Decreased testosterone by the fetal Leydig cells, Dysgenesis of fetal Leydig cells"
"Event:658","MolecularInitiatingEvent","Decreased testosterone by the fetal Leydig cells, Increased estradiol"
"Event:659","MolecularInitiatingEvent","Decreased testosterone by the fetal Leydig cells, Activation by other estradiol agonists"
"Event:660","KeyEvent","decreased testosterone by fetal Leydig cells, Dysgenesis of fetal Leydig cells"
"Event:661","MolecularInitiatingEvent","Decreased testosterone by the fetal Leydig cells, Alterations in the fetal testis proteome"
"Event:662","MolecularInitiatingEvent","Decreased testosterone by the fetal Leydig cells, Hypermethylation in the fetal testis"
"Event:663","KeyEvent","Desensitization, Nicotinic acetylcholine receptor"
"Event:664","KeyEvent","Overwhelmed, Mitochondrial DNA repair mechanisms"
"Event:667","MolecularInitiatingEvent","Binding at picrotoxin site, iGABAR chloride channel"
"Event:669","KeyEvent","Reduction, Neuronal synaptic inhibition"
"Event:66","KeyEvent","Activation, ChREBP"
"Event:671","KeyEvent","Reduced, Prostaglandin F2alpha concentration, plasma "
"Event:672","KeyEvent","Reduced, Prostaglandin F2alpha synthesis, ovary  "
"Event:673","KeyEvent","Reduced, Spawning behavior"
"Event:674","KeyEvent","Reduced, Ability to attract spawning mates"
"Event:675","AdverseOutcome","Reduced, Reproductive Success"
"Event:678","KeyEvent","Reduced, Pheromone release"
"Event:681","KeyEvent","Decreased, Prostaglandin F2alpha synthesis, ovary  "
"Event:682","KeyEvent","Generation, Amplified excitatory postsynaptic potential (EPSP)"
"Event:685","KeyEvent","Reduced, Prostaglandins, ovary"
"Event:687","KeyEvent","Reduced, Prostaglandin E2 concentration, hypothalamus"
"Event:689","KeyEvent","Reduced, Gonadotropin releasing hormone, hypothalamus"
"Event:68","KeyEvent","Accumulation, Collagen"
"Event:690","KeyEvent","Reduced, Luteinizing hormone (LH), plasma "
"Event:691","KeyEvent","Reduced, Maturation inducing steroid, plasma"
"Event:692","KeyEvent","Reduced, Maturation inducing steroid receptor signalling, oocyte"
"Event:693","KeyEvent","Increased, cyclic adenosine monophosphate"
"Event:694","KeyEvent","Reduced, Meiotic prophase I/metaphase I transition, oocyte"
"Event:695","KeyEvent","Upregulated, Spindle assembly checkpoint protein Mad2-oocyte"
"Event:696","KeyEvent","Increased, Chromosome misseggregation"
"Event:697","MolecularInitiatingEvent","impaired, ion channels"
"Event:698","KeyEvent","Altered, Action Potential"
"Event:699","KeyEvent","Increased, cardiac arrthymia"
"Event:708","KeyEvent","Increased, Accumulation of alpha2u microglobulin (proximal tubular epithelium)"
"Event:709","KeyEvent","Increase, Cytotoxicity (renal tubular cell)"
"Event:710","KeyEvent","Increase, Regenerative cell proliferation (tubular epithelial cells)"
"Event:713","AdverseOutcome","Increase, Adenomas/carcinomas (renal tubular)"
"Event:714","MolecularInitiatingEvent","Increased, Binding of chemicals to 2u (serum)"
"Event:715","MolecularInitiatingEvent","Activation, Constitutive androstane receptor"
"Event:716","KeyEvent","Increase, Mitogenic cell proliferation (hepatocytes)"
"Event:718","MolecularInitiatingEvent","Binding, Tubulin"
"Event:719","AdverseOutcome","Increase, Adenomas/carcinomas (hepatocellular)"
"Event:720","KeyEvent","Disruption, Microtubule dynamics"
"Event:721","KeyEvent","Disorganization, Spindle"
"Event:723","KeyEvent","Altered, Chromosome number"
"Event:724","MolecularInitiatingEvent","Inhibition, Pyruvate dehydrogenase kinase (PDK) enzyme"
"Event:726","KeyEvent","Increased, Induction of pyruvate dehydrogenase (PDH)"
"Event:728","AdverseOutcome","Increase, Aneuploid offspring"
"Event:733","KeyEvent","Increase, Necrosis (terminal bronchiolar cells)"
"Event:734","KeyEvent","Increase, Regenerative cell proliferation (terminal bronchiolar epithelial cells)"
"Event:735","KeyEvent","Increase, Hyperplasia (terminal bronchiolar cells)"
"Event:736","AdverseOutcome","Increase, Adenomas/carcinomas (bronchioloalveolar)"
"Event:737","MolecularInitiatingEvent","Decreased, Uptake of inorganic iodide"
"Event:739","KeyEvent","Increase, Hypertrophy and proliferation (follicular cell)"
"Event:740","KeyEvent","Increase, Hyperplasia (follicular cells)"
"Event:741","AdverseOutcome","Increase, Adenomas/carcinomas (follicular cell)"
"Event:742","MolecularInitiatingEvent","Decreased, Androgen receptor activity"
"Event:743","KeyEvent","Decreased, Testosterone binding to androgen receptor (hypothalamus)"
"Event:744","KeyEvent","Increase, Hyperplasia (Leydig cells)"
"Event:745","AdverseOutcome","Increase, Leydig cell tumors"
"Event:746","MolecularInitiatingEvent","Increase, Dopaminergic activity"
"Event:747","KeyEvent","Decreased, Prolactin"
"Event:748","KeyEvent","Increased, Estrogen receptor (ER) activity"
"Event:749","KeyEvent","Decreased, Progesterone from corpus luteum"
"Event:752","KeyEvent","Altered, Meiotic chromosome dynamics"
"Event:753","KeyEvent","Increase, Thyroid-stimulating hormone (TSH)"
"Event:754","KeyEvent","Increased, Luteinizing hormone (LH) "
"Event:756","KeyEvent","Hippocampal gene expression, Altered "
"Event:757","KeyEvent","Hippocampal anatomy, Altered "
"Event:758","KeyEvent","Hippocampal Physiology, Altered"
"Event:759","AdverseOutcome","Increased, Kidney Failure"
"Event:75","MolecularInitiatingEvent","Covalent binding to protein, possibly lysine residue"
"Event:760","MolecularInitiatingEvent","Activation, Glutamate-gated chloride channel"
"Event:761","KeyEvent","Increased, Chloride conductance"
"Event:762","MolecularInitiatingEvent","Activation, ionotropic GABA Receptor chloride channel"
"Event:763","KeyEvent","hyperpolarisation, neuron"
"Event:764","KeyEvent","N/A, Ataxia, paralysis, or hyperactivity"
"Event:765","AdverseOutcome","Decreased, population 1"
"Event:766","MolecularInitiatingEvent","Inhibition, 4-hydroxyphenyl-pyruvate dioxygenase (HPPD) enzyme"
"Event:767","KeyEvent","Increase, Hyperplasia (renal tubular cells)"
"Event:768","KeyEvent","Increase, Cytotoxicity"
"Event:769","KeyEvent","Increase, Oxidative metabolism"
"Event:770","MolecularInitiatingEvent","Increase, Cytotoxicity (club cells)"
"Event:771","KeyEvent","Decrease, Serum thyroid hormone (T4/T3)"
"Event:772","KeyEvent","Increase, Hyperplasia (glandular epithelial cells of endometrium)"
"Event:773","AdverseOutcome","Increase, Endometrial adenocarcinomas"
"Event:774","KeyEvent","Increase, Preneoplastic foci (hepatocytes)"
"Event:775","KeyEvent","Increased, Plasma tyrosine"
"Event:776","KeyEvent","Increase, Cytotoxicity (corneal cells)"
"Event:777","KeyEvent","Increase, Inflammation (corneal cells)"
"Event:778","KeyEvent","Increase, Regenerative cell proliferation (corneal cells)"
"Event:779","AdverseOutcome","Increase, Papillomas/carcinomas (squamous cells)"
"Event:77","KeyEvent","Production, Critical Metabolites (CGA 330050 and CGA 265307)"
"Event:780","MolecularInitiatingEvent","Increase, Cytotoxicity (epithelial cells)"
"Event:781","KeyEvent","Increase, Regenerative cell proliferation (forestomach epithelial cells)"
"Event:782","KeyEvent","Increase, Hyperplasia (forestomach epithelial cells)"
"Event:783","MolecularInitiatingEvent","Increase, Cytotoxicity (tubular epithelial cells)"
"Event:784","KeyEvent","Increase, Hyperplasia (tubular epithelial cells)"
"Event:785","MolecularInitiatingEvent","Activation, Androgen receptor"
"Event:786","MolecularInitiatingEvent","Increase, Cytotoxicity (hepatocytes)"
"Event:787","KeyEvent","Increase, Regenerative cell proliferation (hepatocytes)"
"Event:788","KeyEvent","Decrease, Incorporation of active iodide into iodotyrosines"
"Event:78","AdverseOutcome","Reduction, Cumulative fecundity and spawning"
"Event:78","KeyEvent","Reduction, Cumulative fecundity and spawning"
"Event:790","MolecularInitiatingEvent","Inhibition, 5α-reductase activity"
"Event:791","KeyEvent","Increased, Leutinizing hormone (LH)"
"Event:792","KeyEvent","Decrease, Bioactivation of testosterone"
"Event:793","MolecularInitiatingEvent","Increase, Urinary bladder calculi"
"Event:794","KeyEvent","Increase, Cytotoxicity (urothelial cells)"
"Event:795","KeyEvent","Increase, Regenerative cell proliferation (urothelial cells)"
"Event:796","KeyEvent","Increase, Hyperplasia (urothelial)"
"Event:797","AdverseOutcome","Increase, Adenomas/carcinomas (urothelial)"
"Event:798","MolecularInitiatingEvent","Inhibition, Prolyl hydroxylases"
"Event:799","KeyEvent","Increased, HIF-1 heterodimer"
"Event:79","MolecularInitiatingEvent","Inhibition, Cyclooxygenase activity"
"Event:800","KeyEvent","Decreased, Aromatase (Cyp19a1) mRNA"
"Event:802","KeyEvent","Increased, HIF-1 alpha transcription"
"Event:804","MolecularInitiatingEvent","Inhibition, HMG-CoA reductase"
"Event:805","KeyEvent","Decreased, mevalonate"
"Event:807","KeyEvent","Decreased, cholesterol"
"Event:808","KeyEvent","Decreased, Testosterone"
"Event:809","KeyEvent","malformed, Male reproductive tract"
"Event:80","KeyEvent","Up Regulation, CYP1A1"
"Event:813","KeyEvent","Increased, Serum creatinine"
"Event:814","AdverseOutcome","Occurrence, Kidney toxicity"
"Event:818","KeyEvent","Occurrence, Cytoplasmic vacuolization (Renal tubule)"
"Event:819","KeyEvent","Decreased, Glomerular filtration"
"Event:820","KeyEvent","Decreased, Renal plasma flow"
"Event:821","KeyEvent","Decreased, Sodium reabsorption"
"Event:823","KeyEvent","Occurrence, Cystic dilatation (renal tubule)"
"Event:824","KeyEvent","Occurrence, Cytoplasmic vacuolization (podocyte)"
"Event:825","KeyEvent","Decreased, Renal ability to dilute urine"
"Event:826","KeyEvent","Activation, Keratinocytes"
"Event:827","AdverseOutcome","sensitisation, skin"
"Event:828","MolecularInitiatingEvent","Inhibition, Phospholipase A"
"Event:829","KeyEvent","Damage, Lipid bilayer"
"Event:831","KeyEvent","Disturbance, Lysosomal function"
"Event:832","KeyEvent","Injury, Mitochondria"
"Event:833","KeyEvent","Occurrence, Cytoplasmic vacuolization (hepatocyte)"
"Event:835","KeyEvent","Occurrence, Ballooning degeneration (hepatocyte)"
"Event:836","KeyEvent","Occurrence, Cytoplasmic vacuolization (Bile duct cell)"
"Event:837","KeyEvent","Occurrence, Cytoplasmic vacuolization (kupffer cell)"
"Event:838","KeyEvent","Induction, Microvesicular fat"
"Event:839","KeyEvent","Formation, Mallory body"
"Event:840","AdverseOutcome","Formation, Liver fibrosis"
"Event:844","KeyEvent","Oxidation, Uroporphyrinogen"
"Event:845","KeyEvent","Inhibition, UROD"
"Event:846","KeyEvent","Accumulation, Highly carboxylated porphyrins"
"Event:848","KeyEvent","Decreased, Binding of NE to NE receptors on GnRH neurons"
"Event:849","MolecularInitiatingEvent","Inhibition, Antgonism of NE receptor"
"Event:850","KeyEvent","Induction, CYP1A2/CYP1A5"
"Event:851","KeyEvent","Decrease of GABAergic interneurons"
"Event:853","KeyEvent","Changes/Inhibition, Cellular Homeostasis and Apoptosis"
"Event:854","KeyEvent","Alterations, Cellular proliferation / hyperplasia"
"Event:856","AdverseOutcome","Formation, Hepatocellular and Bile duct tumors"
"Event:858","KeyEvent","Decreased, PPARalpha transactivation of gene expression"
"Event:861","KeyEvent","Decreased, Ketogenesis (production of ketone bodies)"
"Event:862","KeyEvent","Not Increased, Circulating Ketone Bodies"
"Event:863","KeyEvent","Increased, Catabolism of Muscle Protein"
"Event:864","AdverseOutcome","Decreased, Body Weight"
"Event:867","MolecularInitiatingEvent","Decrease, Intracellular pH"
"Event:868","KeyEvent","Increase, Tissue Degeneration, Necrosis & Atrophy "
"Event:869","KeyEvent","Increase, Respiratory or Squamous Metaplasia"
"Event:870","KeyEvent","Increase, Cell Proliferation"
"Event:872","AdverseOutcome","Increase, Site of Contact Nasal Tumors"
"Event:875","MolecularInitiatingEvent","Binding of agonist, Ionotropic glutamate receptors"
"Event:876","KeyEvent","Increase, Mutations in Critical Genes"
"Event:877","MolecularInitiatingEvent","Inhibition, organic anion transporter 1 (OAT1)"
"Event:878","KeyEvent","Inhibition, SREBP1c"
"Event:879","KeyEvent","Activation, MTTP"
"Event:87","KeyEvent","Release, Cytokine"
"Event:880","KeyEvent","Increased, ApoB100"
"Event:881","KeyEvent","Increased, Triglyceride"
"Event:885","AdverseOutcome","Increase, Cancer"
"Event:887","KeyEvent","Inhibition, NADH-ubiquinone oxidoreductase  (complex I)"
"Event:887","MolecularInitiatingEvent","Inhibition, NADH-ubiquinone oxidoreductase  (complex I)"
"Event:888","MolecularInitiatingEvent","Binding of inhibitor, NADH-ubiquinone oxidoreductase (complex I)"
"Event:889","KeyEvent","Impaired, Proteostasis"
"Event:890","KeyEvent","Degeneration of dopaminergic neurons of the nigrostriatal pathway"
"Event:896","AdverseOutcome","Parkinsonian motor deficits"
"Event:898","KeyEvent","Disruption, Lysosome"
"Event:89","KeyEvent","Synthesis, De Novo FA"
"Event:8","KeyEvent","Decreased, 3-hydroxyacyl-CoA dehydrogenase type-2 activity"
"Event:914","KeyEvent","Decrease, Apoptosis of ciliated epithelial cells"
"Event:919","KeyEvent","Occurrence, Transdifferentiation of ciliated epithelial cells"
"Event:920","KeyEvent","Occurrence, Metaplasia of goblet cells"
"Event:921","KeyEvent","Occurrence, Hyperplasia of goblet cells"
"Event:923","KeyEvent","Increase, Proliferation of goblet cells"
"Event:924","KeyEvent","Activation, Sp1"
"Event:926","KeyEvent","Oxidation, Glutathione (To be considered with MIE)"
"Event:927","KeyEvent","S-Glutathionylation, eNOS"
"Event:932","KeyEvent"," Uncoupling, eNOS"
"Event:933","KeyEvent","Depletion, Nitric Oxide"
"Event:934","KeyEvent","Decrease, Tetrahydrobiopterin"
"Event:935","KeyEvent","Decrease, GTPCH-1"
"Event:937","KeyEvent","Impaired, Vasodilation"
"Event:941","MolecularInitiatingEvent","Activation, EGFR"
"Event:944","KeyEvent","dimerization, AHR/ARNT"
"Event:945","KeyEvent","reduced dimerization, ARNT/HIF1-alpha"
"Event:947","AdverseOutcome","Increase, Early Life Stage Mortality"
"Event:947","KeyEvent","Increase, Early Life Stage Mortality"
"Event:948","KeyEvent","reduced production, VEGF"
"Event:951","KeyEvent"," Increase, Vascular Resistance"
"Event:952","AdverseOutcome","Hypertension"
"Event:957","MolecularInitiatingEvent","Binding, Transthyretin in serum"
"Event:958","KeyEvent","Displacement, Serum thyroxine (T4) from transthyretin"
"Event:959","KeyEvent","Increased, Free serum thyroxine (T4)"
"Event:960","KeyEvent","Increased, Uptake of thyroxine into tissue"
"Event:961","KeyEvent","Increased, Clearance of thyroxine from tissues"
"Event:962","KeyEvent","Increase, Mucin production"
"Event:964","MolecularInitiatingEvent","Inhibition of Aromatase Enzyme, Chemical exposure during critical window of estrous cycle between diestrus 2 and proestrus inhibits aromatase conversion of testosterone to estradiol"
"Event:965","KeyEvent","reduction in ovarian granulosa cells synthesis of estradiol, Reduced steroidogenic production of estradiol in granulosa cells"
"Event:966","KeyEvent","Reduced Estradiol in Circulation, Reduced steroidogenic production of estradiol in granulosa cells leading to decreased estradiol in circulation"
"Event:967","KeyEvent","Decreased positive estrogenic feedback on hypothalamus, Reduced estradiol in circulation decreases estrogen concentration at hypothalamus"
"Event:968","KeyEvent","Decreased Kisspeptin release from neurons in AVPV, Decreased hypothalamic estrogen reduces kisspeptinergic neuron response "
"Event:969","KeyEvent","Decreased GnRH Release, Decreased Kisspeptin stimulation of GnRH neurons "
"Event:970","KeyEvent","Decreased LH release from Anterior Pituitary, Decreased GnRH stimulation of Anterior Pituitary Gonadotrophs"
"Event:971","KeyEvent","Ovulation of oocytes Reduced, Delayed, or Blocked, Decrease or delay in LH surge required for ovulation "
"Event:972","AdverseOutcome","Decreased fertility, Reduced number of oocytes ovulated "
"Event:973","KeyEvent","KE5 : Decrease, AKT/eNOS activity"
"Event:979","KeyEvent","Interference, nuclear localization of NFAT"
"Event:97","MolecularInitiatingEvent","Alkylation, DNA"
"Event:980","MolecularInitiatingEvent","Inhibition, Calcineurin Activity"
"Event:981","KeyEvent","Reduction, NFAT/AP-1 complex formation"
"Event:984","AdverseOutcome","Impairment, T-cell dependent antibody response"
"Event:986","AdverseOutcome","Increase, Increased susceptibility to infection"
"Event:988","KeyEvent","Decrease, Circulating ecdysis triggering hormone"
"Event:990","KeyEvent","Increase, Incomplete ecdysis"
"Event:993","KeyEvent","Decrease, Abdominal muscle contraction"
"Event:998","MolecularInitiatingEvent","Binding of antagonist, PPAR alpha"
"Event:9","MolecularInitiatingEvent","Activation, 5HT2c"
